{"returns": [-4.396787009386461, -6.131133022497107, -2.4904333661283533, -6.222128581221208, -4.057375814713413, -5.004103558067806, -3.5302466487163997, -4.674032043756048, -7.257942645176077, -7.209598339128565, -4.905643274263678, -4.307104977894411, -2.086236028813071, -3.801447055992736, -6.65433634859412, -1.573323158290262, -7.186541141198638, -7.214674071406004, -2.920980566379829, -2.4614478547646494], "mean_return": -4.704275775319441, "std_return": 1.8189038312689105}